<?xml version="1.0" encoding="UTF-8"?>
<project-private xmlns="http://www.netbeans.org/ns/project-private/1">
    <editor-bookmarks xmlns="http://www.netbeans.org/ns/editor-bookmarks/2" lastBookmarkId="0"/>
    <open-files xmlns="http://www.netbeans.org/ns/projectui-open-files/2">
        <group>
            <file>file:/Users/hagenimanayvanremy/NetBeansProjects/wapTrial/web/META-INF/context.xml</file>
            <file>file:/Users/hagenimanayvanremy/NetBeansProjects/wapTrial/web/index.html</file>
            <file>file:/Users/hagenimanayvanremy/NetBeansProjects/wapTrial/src/java/trial/Trial2.java</file>
            <file>file:/Users/hagenimanayvanremy/NetBeansProjects/wapTrial/web/hello.jsp</file>
            <file>file:/Users/hagenimanayvanremy/NetBeansProjects/wapTrial/web/jspinto.jsp</file>
            <file>file:/Users/hagenimanayvanremy/NetBeansProjects/wapTrial/web/WEB-INF/web.xml</file>
            <file>file:/Users/hagenimanayvanremy/NetBeansProjects/wapTrial/src/java/trial/TrialServlet.java</file>
            <file>file:/Users/hagenimanayvanremy/NetBeansProjects/wapTrial/src/conf/MANIFEST.MF</file>
        </group>
    </open-files>
</project-private>
